"","Name","Sex","Occurrence","year","proportional_year"
"1","Mary","Female",7065,1880,0.03506
"385","Rita","Female",19,1880,9e-05
"420","Tina","Female",17,1880,8e-05
"683","Angela","Female",7,1880,3e-05
"705","Jessica","Female",7,1880,3e-05
"813","Monica","Female",6,1880,3e-05
"2001","Mary","Female",6919,1881,0.03591
"2382","Rita","Female",20,1881,1e-04
"2391","Tina","Female",19,1881,1e-04
"2572","Monica","Female",10,1881,5e-05
"2584","Angela","Female",9,1881,5e-05
"2715","Jessica","Female",7,1881,4e-05
"3935","Mary","Female",8148,1882,0.03678
"4274","Tina","Female",28,1882,0.00013
"4295","Angela","Female",24,1882,0.00011
"4336","Rita","Female",21,1882,9e-05
"4644","Jessica","Female",8,1882,4e-05
"6062","Mary","Female",8012,1883,0.03693
"6458","Angela","Female",22,1883,1e-04
"6482","Tina","Female",21,1883,1e-04
"6575","Rita","Female",15,1883,7e-05
"6927","Jessica","Female",6,1883,3e-05
"7069","Monica","Female",5,1883,2e-05
"8146","Mary","Female",9217,1884,0.03786
"8559","Rita","Female",24,1884,1e-04
"8560","Tina","Female",24,1884,1e-04
"8595","Angela","Female",20,1884,8e-05
"8717","Jessica","Female",14,1884,6e-05
"8978","Monica","Female",8,1884,3e-05
"10443","Mary","Female",9128,1885,0.0379
"10805","Tina","Female",32,1885,0.00013
"10814","Rita","Female",31,1885,0.00013
"10943","Angela","Female",18,1885,7e-05
"11170","Monica","Female",10,1885,4e-05
"11423","Jessica","Female",6,1885,2e-05
"12737","Mary","Female",9889,1886,0.03873
"13121","Tina","Female",32,1886,0.00013
"13150","Rita","Female",28,1886,0.00011
"13175","Angela","Female",24,1886,9e-05
"13448","Jessica","Female",11,1886,4e-05
"13495","Monica","Female",10,1886,4e-05
"15129","Mary","Female",9888,1887,0.03997
"15470","Rita","Female",40,1887,0.00016
"15500","Angela","Female",33,1887,0.00013
"15585","Tina","Female",25,1887,1e-04
"15780","Monica","Female",13,1887,5e-05
"16026","Jessica","Female",8,1887,3e-05
"17502","Mary","Female",11754,1888,0.03925
"17836","Rita","Female",52,1888,0.00017
"17887","Tina","Female",40,1888,0.00013
"17933","Angela","Female",33,1888,0.00011
"18102","Jessica","Female",18,1888,6e-05
"18245","Monica","Female",13,1888,4e-05
"20153","Mary","Female",11648,1889,0.04031
"20428","Rita","Female",75,1889,0.00026
"20523","Angela","Female",42,1889,0.00015
"20537","Tina","Female",40,1889,0.00014
"20862","Monica","Female",14,1889,5e-05
"21078","Jessica","Female",9,1889,3e-05
"22743","Mary","Female",12078,1890,0.04007
"23091","Rita","Female",54,1890,0.00018
"23115","Angela","Female",45,1890,0.00015
"23152","Tina","Female",39,1890,0.00013
"23369","Jessica","Female",18,1890,6e-05
"23403","Monica","Female",17,1890,6e-05
"25438","Mary","Female",11704,1891,0.04083
"25751","Rita","Female",65,1891,0.00023
"25907","Tina","Female",31,1891,0.00011
"25912","Angela","Female",29,1891,1e-04
"25956","Monica","Female",25,1891,9e-05
"26172","Jessica","Female",14,1891,5e-05
"28098","Mary","Female",13172,1892,0.03939
"28388","Rita","Female",87,1892,0.00026
"28432","Angela","Female",63,1892,0.00019
"28561","Tina","Female",35,1892,1e-04
"28634","Monica","Female",27,1892,8e-05
"28910","Jessica","Female",14,1892,4e-05
"31019","Mary","Female",12784,1893,0.03931
"31293","Rita","Female",95,1893,0.00029
"31345","Angela","Female",67,1893,0.00021
"31416","Tina","Female",46,1893,0.00014
"31584","Monica","Female",25,1893,8e-05
"31795","Jessica","Female",15,1893,5e-05
"33850","Mary","Female",13151,1894,0.03883
"34122","Rita","Female",104,1894,0.00031
"34194","Angela","Female",64,1894,0.00019
"34285","Tina","Female",42,1894,0.00012
"34488","Monica","Female",22,1894,6e-05
"34878","Jessica","Female",10,1894,3e-05
"36791","Mary","Female",13447,1895,0.03831
"37065","Rita","Female",105,1895,3e-04
"37132","Angela","Female",70,1895,2e-04
"37215","Tina","Female",45,1895,0.00013
"37509","Monica","Female",20,1895,6e-05
"37523","Jessica","Female",19,1895,5e-05
"38551","Pamela","Female",5,1895,1e-05
"39840","Mary","Female",13811,1896,0.03863
"40114","Rita","Female",109,1896,3e-04
"40209","Angela","Female",60,1896,0.00017
"40240","Tina","Female",51,1896,0.00014
"40335","Monica","Female",36,1896,1e-04
"41007","Jessica","Female",9,1896,3e-05
"42931","Mary","Female",13413,1897,0.03866
"43194","Rita","Female",117,1897,0.00034
"43228","Angela","Female",95,1897,0.00027
"43342","Tina","Female",51,1897,0.00015
"43434","Monica","Female",34,1897,1e-04
"44050","Jessica","Female",9,1897,3e-05
"45959","Mary","Female",14406,1898,0.03777
"46202","Rita","Female",146,1898,0.00038
"46275","Angela","Female",98,1898,0.00026
"46397","Tina","Female",49,1898,0.00013
"46440","Monica","Female",41,1898,0.00011
"46945","Jessica","Female",13,1898,3e-05
"47610","Pamela","Female",6,1898,2e-05
"49223","Mary","Female",13172,1899,0.03883
"49450","Rita","Female",147,1899,0.00043
"49558","Angela","Female",80,1899,0.00024
"49675","Tina","Female",42,1899,0.00012
"49783","Monica","Female",30,1899,9e-05
"50116","Jessica","Female",14,1899,4e-05
"52265","Mary","Female",16705,1900,0.0371
"52520","Rita","Female",162,1900,0.00036
"52591","Angela","Female",107,1900,0.00024
"52730","Tina","Female",53,1900,0.00012
"52817","Monica","Female",39,1900,9e-05
"53034","Jessica","Female",23,1900,5e-05
"55994","Mary","Female",13136,1901,0.03799
"56242","Rita","Female",135,1901,0.00039
"56310","Angela","Female",89,1901,0.00026
"56427","Tina","Female",47,1901,0.00014
"56443","Monica","Female",44,1901,0.00013
"57266","Jessica","Female",8,1901,2e-05
"59147","Mary","Female",14486,1902,0.03746
"59403","Rita","Female",148,1902,0.00038
"59437","Angela","Female",116,1902,3e-04
"59622","Tina","Female",44,1902,0.00011
"59727","Monica","Female",33,1902,9e-05
"60410","Jessica","Female",9,1902,2e-05
"62509","Mary","Female",14275,1903,0.03745
"62736","Rita","Female",174,1903,0.00046
"62775","Angela","Female",132,1903,0.00035
"62995","Tina","Female",44,1903,0.00012
"63055","Monica","Female",36,1903,9e-05
"63388","Jessica","Female",16,1903,4e-05
"65898","Mary","Female",14961,1904,0.03708
"66139","Rita","Female",166,1904,0.00041
"66183","Angela","Female",124,1904,0.00031
"66333","Tina","Female",56,1904,0.00014
"66338","Monica","Female",54,1904,0.00013
"66818","Jessica","Female",16,1904,4e-05
"67359","Sandra","Female",8,1904,2e-05
"68005","Pamela","Female",5,1904,1e-05
"69458","Mary","Female",16067,1905,0.0379
"69686","Rita","Female",188,1905,0.00044
"69727","Angela","Female",148,1905,0.00035
"69903","Tina","Female",58,1905,0.00014
"69927","Monica","Female",53,1905,0.00013
"70368","Jessica","Female",17,1905,4e-05
"71646","Sandra","Female",5,1905,1e-05
"73113","Mary","Female",16370,1906,0.03821
"73331","Rita","Female",203,1906,0.00047
"73413","Angela","Female",123,1906,0.00029
"73587","Monica","Female",52,1906,0.00012
"73609","Tina","Female",49,1906,0.00011
"73998","Jessica","Female",18,1906,4e-05
"74418","Sandra","Female",10,1906,2e-05
"75015","Pamela","Female",6,1906,1e-05
"76746","Mary","Female",17580,1907,0.03777
"76941","Rita","Female",266,1907,0.00057
"77006","Angela","Female",174,1907,0.00037
"77205","Monica","Female",61,1907,0.00013
"77230","Tina","Female",55,1907,0.00012
"77677","Jessica","Female",17,1907,4e-05
"79091","Sandra","Female",5,1907,1e-05
"80694","Mary","Female",18665,1908,0.0382
"80905","Rita","Female",255,1908,0.00052
"80953","Angela","Female",183,1908,0.00037
"81153","Monica","Female",62,1908,0.00013
"81282","Tina","Female",41,1908,8e-05
"81676","Jessica","Female",17,1908,3e-05
"81771","Sandra","Female",15,1908,3e-05
"84712","Mary","Female",19259,1909,0.03767
"84908","Rita","Female",295,1909,0.00058
"84959","Angela","Female",204,1909,4e-04
"85152","Monica","Female",71,1909,0.00014
"85241","Tina","Female",52,1909,1e-04
"85691","Jessica","Female",18,1909,4e-05
"87028","Erica","Female",5,1909,1e-05
"87209","Sandra","Female",5,1909,1e-05
"88939","Mary","Female",22848,1910,0.03868
"89136","Rita","Female",333,1910,0.00056
"89177","Angela","Female",260,1910,0.00044
"89392","Monica","Female",79,1910,0.00013
"89476","Tina","Female",58,1910,1e-04
"89759","Jessica","Female",28,1910,5e-05
"90690","Sandra","Female",9,1910,2e-05
"91642","Pamela","Female",5,1910,1e-05
"93568","Mary","Female",24390,1911,0.03786
"93746","Rita","Female",403,1911,0.00063
"93798","Angela","Female",292,1911,0.00045
"94016","Monica","Female",83,1911,0.00013
"94123","Tina","Female",59,1911,9e-05
"94538","Jessica","Female",21,1911,3e-05
"94794","Sandra","Female",15,1911,2e-05
"95487","Pamela","Female",8,1911,1e-05
"98435","Mary","Female",32304,1912,0.03269
"98599","Rita","Female",636,1912,0.00064
"98657","Angela","Female",398,1912,4e-04
"98843","Monica","Female",130,1912,0.00013
"98980","Tina","Female",81,1912,8e-05
"99274","Jessica","Female",36,1912,4e-05
"99646","Sandra","Female",20,1912,2e-05
"99771","Pamela","Female",17,1912,2e-05
"104785","Mary","Female",36642,1913,0.03222
"104900","Rita","Female",1096,1913,0.00096
"105012","Angela","Female",447,1913,0.00039
"105162","Monica","Female",164,1913,0.00014
"105324","Tina","Female",89,1913,8e-05
"105683","Sandra","Female",36,1913,3e-05
"105889","Jessica","Female",25,1913,2e-05
"106297","Pamela","Female",16,1913,1e-05
"111753","Mary","Female",45346,1914,0.03202
"111839","Rita","Female",2010,1914,0.00142
"111964","Angela","Female",590,1914,0.00042
"112191","Monica","Female",156,1914,0.00011
"112291","Tina","Female",108,1914,8e-05
"112662","Jessica","Female",42,1914,3e-05
"112691","Sandra","Female",40,1914,3e-05
"113741","Pamela","Female",13,1914,1e-05
"119718","Mary","Female",58187,1915,0.03175
"119788","Rita","Female",3063,1915,0.00167
"119942","Angela","Female",698,1915,0.00038
"120154","Monica","Female",196,1915,0.00011
"120274","Tina","Female",133,1915,7e-05
"120604","Jessica","Female",55,1915,3e-05
"120673","Sandra","Female",49,1915,3e-05
"121325","Pamela","Female",22,1915,1e-05
"124216","Erica","Female",5,1915,0
"129075","Mary","Female",61438,1916,0.03176
"129141","Rita","Female",3477,1916,0.0018
"129303","Angela","Female",716,1916,0.00037
"129447","Monica","Female",278,1916,0.00014
"129672","Tina","Female",127,1916,7e-05
"130018","Jessica","Female",53,1916,3e-05
"130154","Sandra","Female",43,1916,2e-05
"131692","Pamela","Female",12,1916,1e-05
"133715","Erica","Female",5,1916,0
"138771","Mary","Female",64280,1917,0.03203
"138833","Rita","Female",3870,1917,0.00193
"138996","Angela","Female",742,1917,0.00037
"139169","Monica","Female",252,1917,0.00013
"139348","Tina","Female",137,1917,7e-05
"139647","Sandra","Female",63,1917,3e-05
"139708","Jessica","Female",55,1917,3e-05
"140849","Pamela","Female",17,1917,1e-05
"143586","Erica","Female",5,1917,0
"148683","Mary","Female",67365,1918,0.03103
"148740","Rita","Female",4447,1918,0.00205
"148920","Angela","Female",721,1918,0.00033
"149126","Monica","Female",223,1918,1e-04
"149308","Tina","Female",128,1918,6e-05
"149532","Sandra","Female",72,1918,3e-05
"149645","Jessica","Female",56,1918,3e-05
"150768","Pamela","Female",18,1918,1e-05
"159081","Mary","Female",65836,1919,0.0312
"159134","Rita","Female",4515,1919,0.00214
"159331","Angela","Female",654,1919,0.00031
"159589","Monica","Female",178,1919,8e-05
"159715","Tina","Female",120,1919,6e-05
"159841","Sandra","Female",86,1919,4e-05
"160264","Jessica","Female",40,1919,2e-05
"160873","Pamela","Female",22,1919,1e-05
"163516","Erica","Female",6,1919,0
"169450","Mary","Female",70983,1920,0.03137
"169501","Rita","Female",4979,1920,0.0022
"169704","Angela","Female",665,1920,0.00029
"169911","Monica","Female",215,1920,1e-04
"170092","Tina","Female",127,1920,6e-05
"170138","Sandra","Female",112,1920,5e-05
"170610","Jessica","Female",43,1920,2e-05
"171067","Pamela","Female",27,1920,1e-05
"180206","Mary","Female",73984,1921,0.03169
"180253","Rita","Female",5157,1921,0.00221
"180460","Angela","Female",671,1921,0.00029
"180639","Monica","Female",247,1921,0.00011
"180861","Tina","Female",126,1921,5e-05
"180882","Sandra","Female",120,1921,5e-05
"181309","Jessica","Female",48,1921,2e-05
"181635","Pamela","Female",33,1921,1e-05
"191062","Mary","Female",72176,1922,0.03153
"191113","Rita","Female",4976,1922,0.00217
"191319","Angela","Female",641,1922,0.00028
"191541","Monica","Female",206,1922,9e-05
"191680","Tina","Female",141,1922,6e-05
"191801","Sandra","Female",97,1922,4e-05
"192301","Jessica","Female",40,1922,2e-05
"192341","Pamela","Female",38,1922,2e-05
"201818","Mary","Female",71635,1923,0.03111
"201867","Rita","Female",5095,1923,0.00221
"202066","Angela","Female",666,1923,0.00029
"202311","Monica","Female",199,1923,9e-05
"202409","Tina","Female",150,1923,7e-05
"202517","Sandra","Female",110,1923,5e-05
"202879","Jessica","Female",52,1923,2e-05
"202900","Pamela","Female",50,1923,2e-05
"212461","Mary","Female",73534,1924,0.03088
"212509","Rita","Female",5381,1924,0.00226
"212727","Angela","Female",600,1924,0.00025
"212927","Monica","Female",223,1924,9e-05
"213085","Sandra","Female",145,1924,6e-05
"213091","Tina","Female",143,1924,6e-05
"213565","Pamela","Female",51,1924,2e-05
"213713","Jessica","Female",41,1924,2e-05
"217784","Erica","Female",5,1924,0
"223331","Mary","Female",70586,1925,0.03025
"223378","Rita","Female",5323,1925,0.00228
"223612","Angela","Female",560,1925,0.00024
"223830","Monica","Female",198,1925,8e-05
"223869","Sandra","Female",177,1925,8e-05
"223960","Tina","Female",136,1925,6e-05
"224194","Pamela","Female",75,1925,3e-05
"224720","Jessica","Female",34,1925,1e-05
"227920","Erica","Female",6,1925,0
"233969","Mary","Female",67833,1926,0.02955
"234018","Rita","Female",5015,1926,0.00218
"234246","Angela","Female",572,1926,0.00025
"234475","Monica","Female",190,1926,8e-05
"234502","Sandra","Female",171,1926,7e-05
"234610","Tina","Female",126,1926,5e-05
"234820","Pamela","Female",76,1926,3e-05
"235309","Jessica","Female",35,1926,2e-05
"237642","Erica","Female",8,1926,0
"244428","Mary","Female",70642,1927,0.03046
"244481","Rita","Female",5084,1927,0.00219
"244699","Angela","Female",601,1927,0.00026
"244914","Sandra","Female",207,1927,9e-05
"244939","Monica","Female",189,1927,8e-05
"245006","Tina","Female",151,1927,7e-05
"245343","Pamela","Female",67,1927,3e-05
"245695","Jessica","Female",39,1927,2e-05
"247184","Erica","Female",12,1927,1e-05
"254832","Mary","Female",66872,1928,0.02958
"254888","Rita","Female",4810,1928,0.00213
"255090","Angela","Female",621,1928,0.00027
"255275","Sandra","Female",235,1928,1e-04
"255298","Monica","Female",218,1928,1e-04
"255433","Tina","Female",137,1928,6e-05
"255540","Pamela","Female",100,1928,4e-05
"256108","Jessica","Female",36,1928,2e-05
"257052","Erica","Female",16,1928,1e-05
"264995","Mary","Female",63511,1929,0.02897
"265046","Rita","Female",4767,1929,0.00217
"265227","Angela","Female",676,1929,0.00031
"265414","Sandra","Female",253,1929,0.00012
"265494","Monica","Female",182,1929,8e-05
"265596","Tina","Female",130,1929,6e-05
"265663","Pamela","Female",110,1929,5e-05
"266138","Jessica","Female",42,1929,2e-05
"267784","Erica","Female",11,1929,1e-05
"274817","Mary","Female",64153,1930,0.02886
"274858","Rita","Female",5470,1930,0.00246
"275060","Angela","Female",639,1930,0.00029
"275208","Sandra","Female",298,1930,0.00013
"275338","Monica","Female",168,1930,8e-05
"275386","Tina","Female",143,1930,6e-05
"275541","Pamela","Female",94,1930,4e-05
"276038","Jessica","Female",38,1930,2e-05
"284606","Mary","Female",60299,1931,0.02865
"284653","Rita","Female",4613,1931,0.00219
"284847","Angela","Female",619,1931,0.00029
"284902","Sandra","Female",453,1931,0.00022
"285073","Monica","Female",192,1931,9e-05
"285247","Tina","Female",108,1931,5e-05
"285277","Pamela","Female",99,1931,5e-05
"285739","Jessica","Female",40,1931,2e-05
"287442","Erica","Female",10,1931,0
"293905","Mary","Female",59881,1932,0.02836
"293957","Rita","Female",4255,1932,0.00202
"294120","Sandra","Female",822,1932,0.00039
"294156","Angela","Female",608,1932,0.00029
"294355","Monica","Female",215,1932,1e-04
"294501","Tina","Female",123,1932,6e-05
"294597","Pamela","Female",96,1932,5e-05
"294978","Jessica","Female",44,1932,2e-05
"297277","Erica","Female",8,1932,0
"303285","Mary","Female",55517,1933,0.02777
"303337","Rita","Female",3841,1933,0.00192
"303429","Sandra","Female",1365,1933,0.00068
"303536","Angela","Female",577,1933,0.00029
"303724","Monica","Female",213,1933,0.00011
"303916","Pamela","Female",108,1933,5e-05
"303920","Tina","Female",107,1933,5e-05
"304350","Jessica","Female",43,1933,2e-05
"306483","Erica","Female",8,1933,0
"312299","Mary","Female",56931,1934,0.02741
"312361","Rita","Female",3683,1934,0.00177
"312391","Sandra","Female",2550,1934,0.00123
"312548","Angela","Female",627,1934,3e-04
"312705","Monica","Female",259,1934,0.00012
"312833","Pamela","Female",147,1934,7e-05
"312908","Tina","Female",118,1934,6e-05
"313322","Jessica","Female",46,1934,2e-05
"315289","Erica","Female",9,1934,0
"321477","Mary","Female",55074,1935,0.02635
"321526","Sandra","Female",4089,1935,0.00196
"321539","Rita","Female",3579,1935,0.00171
"321728","Angela","Female",618,1935,3e-04
"321828","Monica","Female",332,1935,0.00016
"321935","Pamela","Female",194,1935,9e-05
"322116","Tina","Female",104,1935,5e-05
"322484","Jessica","Female",47,1935,2e-05
"324988","Erica","Female",7,1935,0
"330515","Mary","Female",54374,1936,0.02617
"330552","Sandra","Female",5526,1936,0.00266
"330583","Rita","Female",3333,1936,0.0016
"330767","Angela","Female",595,1936,0.00029
"330901","Monica","Female",273,1936,0.00013
"330948","Pamela","Female",220,1936,0.00011
"331122","Tina","Female",117,1936,6e-05
"331586","Jessica","Female",43,1936,2e-05
"339408","Mary","Female",55643,1937,0.02612
"339433","Sandra","Female",7520,1937,0.00353
"339476","Rita","Female",3421,1937,0.00161
"339621","Angela","Female",784,1937,0.00037
"339787","Monica","Female",292,1937,0.00014
"339806","Pamela","Female",264,1937,0.00012
"340007","Tina","Female",126,1937,6e-05
"340222","Jessica","Female",71,1937,3e-05
"342962","Erica","Female",7,1937,0
"348358","Mary","Female",56225,1938,0.02541
"348371","Sandra","Female",10806,1938,0.00488
"348431","Rita","Female",3357,1938,0.00152
"348590","Angela","Female",717,1938,0.00032
"348726","Pamela","Female",314,1938,0.00014
"348766","Monica","Female",269,1938,0.00012
"349026","Tina","Female",107,1938,5e-05
"349370","Jessica","Female",50,1938,2e-05
"350326","Erica","Female",17,1938,1e-05
"357388","Mary","Female",54900,1939,0.02492
"357400","Sandra","Female",11970,1939,0.00543
"357465","Rita","Female",3188,1939,0.00145
"357616","Angela","Female",734,1939,0.00033
"357735","Pamela","Female",337,1939,0.00015
"357812","Monica","Female",256,1939,0.00012
"357944","Tina","Female",145,1939,7e-05
"358165","Jessica","Female",77,1939,3e-05
"359354","Erica","Female",17,1939,1e-05
"366306","Mary","Female",56214,1940,0.02441
"366315","Sandra","Female",16154,1940,0.00702
"366375","Rita","Female",3442,1940,0.00149
"366539","Angela","Female",726,1940,0.00032
"366556","Pamela","Female",631,1940,0.00027
"366714","Monica","Female",285,1940,0.00012
"366830","Tina","Female",172,1940,7e-05
"367223","Jessica","Female",61,1940,3e-05
"368643","Erica","Female",13,1940,1e-05
"375270","Mary","Female",58049,1941,0.02383
"375278","Sandra","Female",19498,1941,0.008
"375332","Rita","Female",3879,1941,0.00159
"375424","Pamela","Female",1468,1941,6e-04
"375484","Angela","Female",822,1941,0.00034
"375694","Monica","Female",261,1941,0.00011
"375831","Tina","Female",156,1941,6e-05
"376074","Jessica","Female",81,1941,3e-05
"378162","Erica","Female",10,1941,0
"384357","Mary","Female",63255,1942,0.02315
"384362","Sandra","Female",24993,1942,0.00915
"384411","Rita","Female",4706,1942,0.00172
"384462","Pamela","Female",2632,1942,0.00096
"384557","Angela","Female",1016,1942,0.00037
"384754","Monica","Female",325,1942,0.00012
"384827","Tina","Female",244,1942,9e-05
"385020","Jessica","Female",127,1942,5e-05
"385639","Erica","Female",39,1942,1e-05
"393779","Mary","Female",66176,1943,0.02345
"393784","Sandra","Female",25990,1943,0.00921
"393830","Rita","Female",5011,1943,0.00178
"393832","Pamela","Female",4839,1943,0.00171
"393993","Angela","Female",933,1943,0.00033
"394161","Tina","Female",360,1943,0.00013
"394204","Monica","Female",299,1943,0.00011
"394469","Jessica","Female",121,1943,4e-05
"395742","Erica","Female",20,1943,1e-05
"403187","Mary","Female",62472,1944,0.02322
"403192","Sandra","Female",26023,1944,0.00967
"403230","Pamela","Female",6204,1944,0.00231
"403241","Rita","Female",4530,1944,0.00168
"403386","Angela","Female",1008,1944,0.00037
"403559","Tina","Female",359,1944,0.00013
"403569","Monica","Female",342,1944,0.00013
"403852","Jessica","Female",124,1944,5e-05
"404556","Erica","Female",35,1944,1e-05
"412339","Mary","Female",59281,1945,0.02235
"412344","Sandra","Female",24700,1945,0.00931
"412380","Pamela","Female",6169,1945,0.00233
"412397","Rita","Female",4282,1945,0.00161
"412531","Angela","Female",1057,1945,4e-04
"412665","Tina","Female",440,1945,0.00017
"412677","Monica","Female",400,1945,0.00015
"412972","Jessica","Female",132,1945,5e-05
"413282","Erica","Female",66,1945,2e-05
"421365","Mary","Female",67467,1946,0.02111
"421370","Sandra","Female",31694,1946,0.00992
"421398","Pamela","Female",9367,1946,0.00293
"421420","Rita","Female",5533,1946,0.00173
"421556","Angela","Female",1280,1946,4e-04
"421708","Tina","Female",478,1946,0.00015
"421719","Monica","Female",457,1946,0.00014
"421871","Jessica","Female",240,1946,8e-05
"422400","Erica","Female",67,1946,2e-05
"431070","Mary","Female",71689,1947,0.0199
"431073","Sandra","Female",34779,1947,0.00965
"431096","Pamela","Female",12398,1947,0.00344
"431128","Rita","Female",5982,1947,0.00166
"431244","Angela","Female",1648,1947,0.00046
"431379","Monica","Female",615,1947,0.00017
"431409","Tina","Female",541,1947,0.00015
"431453","Jessica","Female",430,1947,0.00012
"432042","Erica","Female",83,1947,2e-05
"441441","Mary","Female",68598,1948,0.01987
"441445","Sandra","Female",31062,1948,0.009
"441461","Pamela","Female",14281,1948,0.00414
"441498","Rita","Female",5835,1948,0.00169
"441597","Angela","Female",1801,1948,0.00052
"441701","Monica","Female",847,1948,0.00025
"441765","Tina","Female",577,1948,0.00017
"441793","Jessica","Female",482,1948,0.00014
"442316","Erica","Female",99,1948,3e-05
"451680","Mary","Female",66869,1949,0.01919
"451684","Sandra","Female",30643,1949,0.00879
"451699","Pamela","Female",15132,1949,0.00434
"451732","Rita","Female",6654,1949,0.00191
"451828","Angela","Female",1967,1949,0.00056
"451945","Monica","Female",826,1949,0.00024
"451984","Tina","Female",640,1949,0.00018
"452073","Jessica","Female",406,1949,0.00012
"452624","Erica","Female",89,1949,3e-05
"461950","Mary","Female",65482,1950,0.01869
"461956","Sandra","Female",28896,1950,0.00825
"461965","Pamela","Female",16202,1950,0.00462
"462004","Rita","Female",6423,1950,0.00183
"462096","Angela","Female",2057,1950,0.00059
"462179","Monica","Female",1058,1950,3e-04
"462238","Tina","Female",728,1950,0.00021
"462348","Jessica","Female",402,1950,0.00011
"462757","Erica","Female",116,1950,3e-05
"472256","Mary","Female",65722,1951,0.01784
"472263","Sandra","Female",27666,1951,0.00751
"472270","Pamela","Female",18570,1951,0.00504
"472315","Rita","Female",6415,1951,0.00174
"472404","Angela","Female",2137,1951,0.00058
"472463","Monica","Female",1298,1951,0.00035
"472525","Tina","Female",832,1951,0.00023
"472634","Jessica","Female",466,1951,0.00013
"473211","Erica","Female",94,1951,3e-05
"482722","Mary","Female",65627,1952,0.01728
"482730","Sandra","Female",26097,1952,0.00687
"482737","Pamela","Female",20880,1952,0.0055
"482786","Rita","Female",6148,1952,0.00162
"482854","Angela","Female",2642,1952,7e-04
"482917","Monica","Female",1464,1952,0.00039
"482958","Tina","Female",1099,1952,0.00029
"483107","Jessica","Female",453,1952,0.00012
"483693","Erica","Female",94,1952,2e-05
"493368","Mary","Female",64390,1953,0.01671
"493377","Pamela","Female",25759,1953,0.00668
"493378","Sandra","Female",25500,1953,0.00662
"493431","Rita","Female",6284,1953,0.00163
"493487","Angela","Female",3185,1953,0.00083
"493560","Monica","Female",1600,1953,0.00042
"493609","Tina","Female",1096,1953,0.00028
"493749","Jessica","Female",495,1953,0.00013
"494256","Erica","Female",113,1953,3e-05
"504206","Mary","Female",68019,1954,0.01709
"504217","Pamela","Female",27362,1954,0.00687
"504218","Sandra","Female",26062,1954,0.00655
"504272","Rita","Female",6536,1954,0.00164
"504323","Angela","Female",3543,1954,0.00089
"504386","Monica","Female",1824,1954,0.00046
"504435","Tina","Female",1236,1954,0.00031
"504628","Jessica","Female",424,1954,0.00011
"504993","Erica","Female",142,1954,4e-05
"515191","Mary","Female",63173,1955,0.01573
"515202","Pamela","Female",26689,1955,0.00665
"515203","Sandra","Female",25111,1955,0.00625
"515262","Rita","Female",6094,1955,0.00152
"515299","Angela","Female",3895,1955,0.00097
"515322","Tina","Female",3274,1955,0.00082
"515372","Monica","Female",1817,1955,0.00045
"515649","Jessica","Female",387,1955,1e-04
"515988","Erica","Female",146,1955,4e-05
"526325","Mary","Female",61743,1956,0.01498
"526336","Pamela","Female",26927,1956,0.00653
"526338","Sandra","Female",24302,1956,0.00589
"526403","Rita","Female",6055,1956,0.00147
"526411","Tina","Female",5330,1956,0.00129
"526417","Angela","Female",5033,1956,0.00122
"526493","Monica","Female",2162,1956,0.00052
"526778","Jessica","Female",406,1956,1e-04
"527035","Erica","Female",182,1956,4e-05
"537670","Mary","Female",61103,1957,0.01454
"537681","Pamela","Female",25014,1957,0.00595
"537684","Sandra","Female",22766,1957,0.00542
"537747","Rita","Female",6018,1957,0.00143
"537749","Tina","Female",5857,1957,0.00139
"537758","Angela","Female",5326,1957,0.00127
"537820","Monica","Female",2491,1957,0.00059
"538101","Jessica","Female",476,1957,0.00011
"538349","Erica","Female",211,1957,5e-05
"549239","Mary","Female",55846,1958,0.01351
"549249","Pamela","Female",25280,1958,0.00612
"549253","Sandra","Female",21833,1958,0.00528
"549309","Tina","Female",6619,1958,0.0016
"549321","Angela","Female",5766,1958,0.00139
"549326","Rita","Female",5341,1958,0.00129
"549398","Monica","Female",2415,1958,0.00058
"549641","Jessica","Female",529,1958,0.00013
"549924","Erica","Female",206,1958,5e-05
"560772","Mary","Female",54504,1959,0.01311
"560783","Pamela","Female",24712,1959,0.00594
"560784","Sandra","Female",23361,1959,0.00562
"560824","Tina","Female",7919,1959,0.0019
"560839","Angela","Female",6773,1959,0.00163
"560869","Rita","Female",4951,1959,0.00119
"560931","Monica","Female",2593,1959,0.00062
"561185","Jessica","Female",522,1959,0.00013
"561427","Erica","Female",233,1959,6e-05
"572546","Mary","Female",51468,1960,0.01239
"572556","Sandra","Female",24568,1960,0.00591
"572559","Pamela","Female",22091,1960,0.00532
"572591","Tina","Female",9132,1960,0.0022
"572595","Angela","Female",8682,1960,0.00209
"572641","Rita","Female",5027,1960,0.00121
"572685","Monica","Female",3088,1960,0.00074
"572953","Jessica","Female",556,1960,0.00013
"573209","Erica","Female",234,1960,6e-05
"584473","Mary","Female",47688,1961,0.01151
"584481","Sandra","Female",24154,1961,0.00583
"584487","Pamela","Female",21690,1961,0.00524
"584510","Angela","Female",10841,1961,0.00262
"584513","Tina","Female",10521,1961,0.00254
"584577","Rita","Female",4534,1961,0.00109
"584608","Monica","Female",3392,1961,0.00082
"584844","Jessica","Female",668,1961,0.00016
"585129","Erica","Female",243,1961,6e-05
"596660","Mary","Female",43498,1962,0.01078
"596668","Sandra","Female",22418,1962,0.00556
"596671","Pamela","Female",21271,1962,0.00527
"596691","Tina","Female",12781,1962,0.00317
"596694","Angela","Female",11663,1962,0.00289
"596768","Rita","Female",4101,1962,0.00102
"596773","Monica","Female",4007,1962,0.00099
"596977","Jessica","Female",864,1962,0.00021
"597114","Erica","Female",448,1962,0.00011
"608874","Mary","Female",41543,1963,0.0105
"608881","Sandra","Female",21623,1963,0.00546
"608886","Pamela","Female",20588,1963,0.0052
"608902","Angela","Female",13278,1963,0.00335
"608907","Tina","Female",12155,1963,0.00307
"608982","Monica","Female",3996,1963,0.00101
"608987","Rita","Female",3807,1963,0.00096
"609138","Jessica","Female",1120,1963,0.00028
"609272","Erica","Female",576,1963,0.00015
"621156","Mary","Female",40987,1964,0.01054
"621165","Pamela","Female",19824,1964,0.0051
"621167","Sandra","Female",19249,1964,0.00495
"621176","Angela","Female",16257,1964,0.00418
"621188","Tina","Female",12550,1964,0.00323
"621244","Monica","Female",4655,1964,0.0012
"621276","Rita","Female",3470,1964,0.00089
"621416","Jessica","Female",1171,1964,3e-04
"621572","Erica","Female",541,1964,0.00014
"633557","Mary","Female",34271,1965,0.00945
"633565","Angela","Female",18752,1965,0.00517
"633567","Pamela","Female",17468,1965,0.00482
"633570","Sandra","Female",16370,1965,0.00452
"633584","Tina","Female",12831,1965,0.00354
"633627","Monica","Female",5113,1965,0.00141
"633681","Rita","Female",3065,1965,0.00085
"633771","Jessica","Female",1532,1965,0.00042
"633943","Erica","Female",566,1965,0.00016
"645516","Mary","Female",28889,1966,0.00831
"645522","Angela","Female",18535,1966,0.00533
"645527","Pamela","Female",16250,1966,0.00468
"645530","Sandra","Female",15852,1966,0.00456
"645536","Tina","Female",13892,1966,0.004
"645588","Monica","Female",4722,1966,0.00136
"645648","Rita","Female",2688,1966,0.00077
"645708","Jessica","Female",1668,1966,0.00048
"645894","Erica","Female",575,1966,0.00017
"657681","Mary","Female",25318,1967,0.00746
"657684","Angela","Female",19551,1967,0.00576
"657694","Pamela","Female",15368,1967,0.00453
"657697","Sandra","Female",14738,1967,0.00434
"657698","Tina","Female",14160,1967,0.00417
"657747","Monica","Female",4966,1967,0.00146
"657823","Rita","Female",2380,1967,7e-04
"657860","Jessica","Female",1760,1967,0.00052
"658014","Erica","Female",681,1967,2e-04
"670086","Mary","Female",21725,1968,0.00643
"670087","Angela","Female",20671,1968,0.00612
"670098","Tina","Female",14772,1968,0.00437
"670100","Pamela","Female",14032,1968,0.00415
"670106","Sandra","Female",12685,1968,0.00375
"670148","Monica","Female",5219,1968,0.00154
"670239","Rita","Female",2073,1968,0.00061
"670257","Jessica","Female",1840,1968,0.00054
"670360","Erica","Female",956,1968,0.00028
"683031","Angela","Female",21062,1969,0.00606
"683032","Mary","Female",19851,1969,0.00571
"683046","Tina","Female",13606,1969,0.00392
"683048","Pamela","Female",13356,1969,0.00384
"683049","Sandra","Female",12187,1969,0.00351
"683083","Monica","Female",6034,1969,0.00174
"683158","Jessica","Female",2492,1969,0.00072
"683208","Rita","Female",1736,1969,5e-04
"683232","Erica","Female",1505,1969,0.00043
"696781","Angela","Female",24930,1970,0.00691
"696784","Mary","Female",19203,1970,0.00532
"696796","Tina","Female",13863,1970,0.00384
"696801","Pamela","Female",12906,1970,0.00358
"696802","Sandra","Female",11246,1970,0.00312
"696831","Monica","Female",6188,1970,0.00172
"696873","Jessica","Female",4022,1970,0.00112
"696904","Erica","Female",2789,1970,0.00077
"696978","Rita","Female",1589,1970,0.00044
"711568","Angela","Female",25900,1971,0.00755
"711571","Mary","Female",16702,1971,0.00487
"711582","Tina","Female",13265,1971,0.00386
"711590","Pamela","Female",10149,1971,0.00296
"711593","Sandra","Female",9713,1971,0.00283
"711610","Monica","Female",6427,1971,0.00187
"711626","Jessica","Female",5360,1971,0.00156
"711670","Erica","Female",3490,1971,0.00102
"711777","Rita","Female",1419,1971,0.00041
"726871","Angela","Female",23562,1972,0.0075
"726878","Mary","Female",13756,1972,0.00438
"726883","Tina","Female",11522,1972,0.00367
"726896","Sandra","Female",7916,1972,0.00252
"726899","Pamela","Female",7471,1972,0.00238
"726911","Jessica","Female",6206,1972,0.00197
"726912","Monica","Female",6133,1972,0.00195
"726952","Erica","Female",3443,1972,0.0011
"727095","Rita","Female",1199,1972,0.00038
"742288","Angela","Female",20898,1973,0.00693
"742295","Mary","Female",12313,1973,0.00408
"742305","Tina","Female",9308,1973,0.00309
"742315","Jessica","Female",7228,1973,0.0024
"742320","Sandra","Female",6584,1973,0.00218
"742321","Monica","Female",6379,1973,0.00211
"742328","Pamela","Female",5813,1973,0.00193
"742362","Erica","Female",3794,1973,0.00126
"742529","Rita","Female",1031,1973,0.00034
"757972","Angela","Female",22803,1974,0.0075
"757980","Mary","Female",11739,1974,0.00386
"757984","Jessica","Female",10655,1974,0.0035
"757992","Tina","Female",8668,1974,0.00285
"758010","Monica","Female",6281,1974,0.00207
"758011","Sandra","Female",6270,1974,0.00206
"758021","Pamela","Female",5272,1974,0.00173
"758041","Erica","Female",4121,1974,0.00136
"758223","Rita","Female",993,1974,0.00033
"774224","Angela","Female",23360,1975,0.00774
"774232","Jessica","Female",12928,1975,0.00428
"774238","Mary","Female",10972,1975,0.00363
"774254","Tina","Female",7065,1975,0.00234
"774268","Monica","Female",5476,1975,0.00181
"774270","Sandra","Female",5376,1975,0.00178
"774282","Erica","Female",4582,1975,0.00152
"774289","Pamela","Female",4177,1975,0.00138
"774492","Rita","Female",883,1975,0.00029
"791177","Angela","Female",22039,1976,0.00726
"791180","Jessica","Female",18369,1976,0.00605
"791194","Mary","Female",10319,1976,0.0034
"791217","Monica","Female",5979,1976,0.00197
"791220","Tina","Female",5746,1976,0.00189
"791226","Erica","Female",5236,1976,0.00173
"791231","Sandra","Female",4861,1976,0.0016
"791256","Pamela","Female",3364,1976,0.00111
"791443","Rita","Female",859,1976,0.00028
"808582","Jessica","Female",24845,1977,0.00782
"808584","Angela","Female",20999,1977,0.00661
"808599","Mary","Female",10654,1977,0.00335
"808616","Erica","Female",6623,1977,0.00209
"808617","Monica","Female",6366,1977,0.002
"808636","Tina","Female",4951,1977,0.00156
"808639","Sandra","Female",4372,1977,0.00138
"808680","Pamela","Female",2831,1977,0.00089
"808873","Rita","Female",802,1977,0.00025
"826771","Jessica","Female",26103,1978,0.00822
"826775","Angela","Female",20518,1978,0.00646
"826792","Mary","Female",10040,1978,0.00316
"826802","Erica","Female",7341,1978,0.00231
"826810","Monica","Female",5867,1978,0.00185
"826813","Tina","Female",5699,1978,0.0018
"826837","Sandra","Female",4005,1978,0.00126
"826877","Pamela","Female",2690,1978,0.00085
"827031","Rita","Female",892,1978,0.00028
"845007","Jessica","Female",27782,1979,0.00835
"845011","Angela","Female",20257,1979,0.00609
"845027","Mary","Female",10556,1979,0.00317
"845035","Erica","Female",8178,1979,0.00246
"845043","Monica","Female",6585,1979,0.00198
"845061","Tina","Female",4680,1979,0.00141
"845080","Sandra","Female",3994,1979,0.0012
"845093","Pamela","Female",3365,1979,0.00101
"845280","Rita","Female",881,1979,0.00026
"864050","Jessica","Female",33923,1980,0.00985
"864059","Angela","Female",17967,1980,0.00522
"864072","Mary","Female",11475,1980,0.00333
"864081","Erica","Female",8761,1980,0.00254
"864092","Monica","Female",6035,1980,0.00175
"864119","Tina","Female",4260,1980,0.00124
"864127","Sandra","Female",4002,1980,0.00116
"864133","Pamela","Female",3535,1980,0.00103
"864344","Rita","Female",840,1980,0.00024
"883504","Jessica","Female",42532,1981,0.01229
"883517","Angela","Female",15926,1981,0.0046
"883529","Mary","Female",11043,1981,0.00319
"883538","Erica","Female",8624,1981,0.00249
"883551","Monica","Female",5782,1981,0.00167
"883576","Sandra","Female",4036,1981,0.00117
"883578","Pamela","Female",3882,1981,0.00112
"883582","Tina","Female",3820,1981,0.0011
"883786","Rita","Female",855,1981,0.00025
"902988","Jessica","Female",45449,1982,0.01296
"903002","Angela","Female",15002,1982,0.00428
"903016","Mary","Female",10851,1982,0.00309
"903021","Erica","Female",9343,1982,0.00266
"903038","Monica","Female",5734,1982,0.00163
"903066","Sandra","Female",3654,1982,0.00104
"903068","Pamela","Female",3546,1982,0.00101
"903076","Tina","Female",3220,1982,0.00092
"903324","Rita","Female",709,1982,2e-04
"922687","Jessica","Female",45284,1983,0.01308
"922707","Angela","Female",13218,1983,0.00382
"922717","Mary","Female",9896,1983,0.00286
"922718","Erica","Female",9713,1983,0.0028
"922739","Monica","Female",5404,1983,0.00156
"922773","Sandra","Female",3175,1983,0.00092
"922776","Pamela","Female",3030,1983,0.00087
"922785","Tina","Female",2739,1983,0.00079
"923061","Rita","Female",592,1983,0.00017
"942104","Jessica","Female",45858,1984,0.01314
"942128","Angela","Female",11292,1984,0.00324
"942135","Mary","Female",9294,1984,0.00266
"942136","Erica","Female",9279,1984,0.00266
"942160","Monica","Female",5132,1984,0.00147
"942196","Sandra","Female",2881,1984,0.00083
"942206","Pamela","Female",2642,1984,0.00076
"942213","Tina","Female",2505,1984,0.00072
"942478","Rita","Female",608,1984,0.00017
"961623","Jessica","Female",48348,1985,0.01355
"961653","Angela","Female",10225,1985,0.00286
"961656","Erica","Female",9525,1985,0.00267
"961657","Mary","Female",9239,1985,0.00259
"961683","Monica","Female",4989,1985,0.0014
"961727","Sandra","Female",2663,1985,0.00075
"961732","Tina","Female",2599,1985,0.00073
"961738","Pamela","Female",2469,1985,0.00069
"962008","Rita","Female",588,1985,0.00016
"981716","Jessica","Female",52684,1986,0.01481
"981746","Erica","Female",9972,1986,0.0028
"981748","Angela","Female",9269,1986,0.00261
"981752","Mary","Female",8507,1986,0.00239
"981774","Monica","Female",5014,1986,0.00141
"981821","Sandra","Female",2639,1986,0.00074
"981853","Pamela","Female",2016,1986,0.00057
"981861","Tina","Female",1962,1986,0.00055
"982123","Rita","Female",544,1986,0.00015
"1002381","Jessica","Female",55996,1987,0.01553
"1002411","Erica","Female",9328,1987,0.00259
"1002415","Angela","Female",8581,1987,0.00238
"1002417","Mary","Female",8395,1987,0.00233
"1002444","Monica","Female",4809,1987,0.00133
"1002495","Sandra","Female",2411,1987,0.00067
"1002530","Tina","Female",1811,1987,5e-04
"1002533","Pamela","Female",1783,1987,0.00049
"1002812","Rita","Female",518,1987,0.00014
"1023797","Jessica","Female",51557,1988,0.01395
"1023827","Erica","Female",9591,1988,0.0026
"1023830","Mary","Female",8517,1988,0.0023
"1023834","Angela","Female",7915,1988,0.00214
"1023866","Monica","Female",4463,1988,0.00121
"1023924","Sandra","Female",2258,1988,0.00061
"1023970","Tina","Female",1603,1988,0.00043
"1023980","Pamela","Female",1510,1988,0.00041
"1024262","Rita","Female",485,1988,0.00013
"1046172","Jessica","Female",47887,1989,0.01246
"1046205","Erica","Female",9025,1989,0.00235
"1046209","Mary","Female",8645,1989,0.00225
"1046218","Angela","Female",7199,1989,0.00187
"1046239","Monica","Female",4502,1989,0.00117
"1046300","Sandra","Female",2327,1989,0.00061
"1046370","Pamela","Female",1331,1989,0.00035
"1046372","Tina","Female",1323,1989,0.00034
"1046722","Rita","Female",412,1989,0.00011
"1069953","Jessica","Female",46486,1990,0.01176
"1069987","Mary","Female",8669,1990,0.00219
"1069988","Erica","Female",8608,1990,0.00218
"1070004","Angela","Female",6666,1990,0.00169
"1070028","Monica","Female",4453,1990,0.00113
"1070086","Sandra","Female",2343,1990,0.00059
"1070190","Pamela","Female",1194,1990,3e-04
"1070193","Tina","Female",1180,1990,3e-04
"1070497","Rita","Female",434,1990,0.00011
"1094677","Jessica","Female",43395,1991,0.01114
"1094713","Mary","Female",8764,1991,0.00225
"1094715","Erica","Female",7800,1991,0.002
"1094734","Angela","Female",5802,1991,0.00149
"1094760","Monica","Female",4156,1991,0.00107
"1094818","Sandra","Female",2141,1991,0.00055
"1094934","Pamela","Female",1085,1991,0.00028
"1094944","Tina","Female",1025,1991,0.00026
"1095228","Rita","Female",423,1991,0.00011
"1119791","Jessica","Female",38361,1992,0.00999
"1119825","Mary","Female",8463,1992,0.0022
"1119833","Erica","Female",7133,1992,0.00186
"1119858","Angela","Female",5079,1992,0.00132
"1119866","Monica","Female",4590,1992,0.00119
"1119942","Sandra","Female",2015,1992,0.00052
"1120091","Pamela","Female",920,1992,0.00024
"1120101","Tina","Female",890,1992,0.00023
"1120378","Rita","Female",390,1992,1e-04
"1145220","Jessica","Female",34993,1993,0.00928
"1145255","Mary","Female",8122,1993,0.00215
"1145268","Erica","Female",6412,1993,0.0017
"1145292","Angela","Female",4572,1993,0.00121
"1145305","Monica","Female",3901,1993,0.00103
"1145387","Sandra","Female",1885,1993,5e-04
"1145543","Pamela","Female",806,1993,0.00021
"1145544","Tina","Female",806,1993,0.00021
"1145872","Rita","Female",341,1993,9e-05
"1171190","Jessica","Female",32122,1994,0.00864
"1171226","Mary","Female",7756,1994,0.00209
"1171246","Erica","Female",5680,1994,0.00153
"1171270","Angela","Female",4414,1994,0.00119
"1171277","Monica","Female",3912,1994,0.00105
"1171360","Sandra","Female",1768,1994,0.00048
"1171541","Pamela","Female",748,1994,2e-04
"1171550","Tina","Female",720,1994,0.00019
"1171860","Rita","Female",318,1994,9e-05
"1197192","Jessica","Female",27939,1995,0.00763
"1197231","Mary","Female",7458,1995,0.00204
"1197260","Erica","Female",4893,1995,0.00134
"1197276","Angela","Female",4119,1995,0.00112
"1197278","Monica","Female",3969,1995,0.00108
"1197368","Sandra","Female",1708,1995,0.00047
"1197576","Pamela","Female",687,1995,0.00019
"1197603","Tina","Female",624,1995,0.00017
"1197899","Rita","Female",296,1995,8e-05
"1223276","Jessica","Female",24200,1996,0.00664
"1223318","Mary","Female",6967,1996,0.00191
"1223353","Erica","Female",4460,1996,0.00122
"1223356","Monica","Female",4326,1996,0.00119
"1223364","Angela","Female",3867,1996,0.00106
"1223455","Sandra","Female",1659,1996,0.00045
"1223615","Pamela","Female",814,1996,0.00022
"1223716","Tina","Female",576,1996,0.00016
"1223978","Rita","Female",303,1996,8e-05
"1249704","Jessica","Female",21045,1997,0.0058
"1249748","Mary","Female",6650,1997,0.00183
"1249781","Monica","Female",4223,1997,0.00116
"1249786","Erica","Female",3992,1997,0.0011
"1249795","Angela","Female",3652,1997,0.00101
"1249904","Sandra","Female",1448,1997,4e-04
"1250062","Pamela","Female",770,1997,0.00021
"1250196","Tina","Female",501,1997,0.00014
"1250556","Rita","Female",240,1997,7e-05
"1276686","Jessica","Female",18238,1998,0.00496
"1276722","Mary","Female",6476,1998,0.00176
"1276770","Erica","Female",3624,1998,0.00099
"1276778","Angela","Female",3369,1998,0.00092
"1276783","Monica","Female",3229,1998,0.00088
"1276906","Sandra","Female",1366,1998,0.00037
"1277066","Pamela","Female",714,1998,0.00019
"1277247","Tina","Female",431,1998,0.00012
"1277542","Rita","Female",246,1998,7e-05
"1304598","Jessica","Female",16350,1999,0.00443
"1304634","Mary","Female",6388,1999,0.00173
"1304679","Angela","Female",3632,1999,0.00098
"1304695","Erica","Female",3161,1999,0.00086
"1304740","Monica","Female",2134,1999,0.00058
"1304837","Sandra","Female",1287,1999,0.00035
"1305010","Pamela","Female",655,1999,0.00018
"1305165","Tina","Female",433,1999,0.00012
"1305516","Rita","Female",228,1999,6e-05
"1333157","Jessica","Female",15711,2000,0.00416
"1333195","Mary","Female",6221,2000,0.00165
"1333228","Angela","Female",3829,2000,0.00101
"1333251","Erica","Female",3220,2000,0.00085
"1333316","Monica","Female",1992,2000,0.00053
"1333406","Sandra","Female",1268,2000,0.00034
"1333607","Pamela","Female",607,2000,0.00016
"1333724","Tina","Female",454,2000,0.00012
"1334030","Rita","Female",251,2000,7e-05
"1362937","Jessica","Female",13925,2001,0.00372
"1362974","Mary","Female",5759,2001,0.00154
"1363003","Angela","Female",3914,2001,0.00105
"1363055","Erica","Female",2668,2001,0.00071
"1363108","Monica","Female",1796,2001,0.00048
"1363190","Sandra","Female",1209,2001,0.00032
"1363410","Pamela","Female",578,2001,0.00015
"1363562","Tina","Female",397,2001,0.00011
"1363775","Rita","Female",270,2001,7e-05
"1393224","Jessica","Female",11921,2002,0.00319
"1393257","Mary","Female",5485,2002,0.00147
"1393291","Angela","Female",3715,2002,0.00099
"1393352","Erica","Female",2305,2002,0.00062
"1393388","Monica","Female",1778,2002,0.00048
"1393482","Sandra","Female",1140,2002,3e-04
"1393725","Pamela","Female",530,2002,0.00014
"1393877","Tina","Female",380,2002,1e-04
"1394126","Rita","Female",244,2002,7e-05
"1423799","Jessica","Female",10454,2003,0.00275
"1423840","Mary","Female",5042,2003,0.00133
"1423885","Angela","Female",3320,2003,0.00087
"1423940","Erica","Female",2092,2003,0.00055
"1423988","Monica","Female",1613,2003,0.00042
"1424047","Sandra","Female",1180,2003,0.00031
"1424228","Pamela","Female",673,2003,0.00018
"1424472","Tina","Female",378,2003,1e-04
"1424892","Rita","Female",199,2003,5e-05
"1455001","Jessica","Female",9470,2004,0.00248
"1455042","Mary","Female",4835,2004,0.00127
"1455085","Angela","Female",3162,2004,0.00083
"1455163","Erica","Female",1874,2004,0.00049
"1455205","Monica","Female",1512,2004,4e-04
"1455260","Sandra","Female",1176,2004,0.00031
"1455507","Pamela","Female",540,2004,0.00014
"1455728","Tina","Female",351,2004,9e-05
"1456052","Rita","Female",216,2004,6e-05
"1487068","Jessica","Female",8115,2005,0.00211
"1487113","Mary","Female",4477,2005,0.00116
"1487154","Angela","Female",2897,2005,0.00075
"1487243","Erica","Female",1717,2005,0.00045
"1487279","Monica","Female",1409,2005,0.00037
"1487356","Sandra","Female",1019,2005,0.00027
"1487661","Pamela","Female",457,2005,0.00012
"1487828","Tina","Female",331,2005,9e-05
"1488124","Rita","Female",220,2005,6e-05
"1519639","Jessica","Female",6815,2006,0.00172
"1519687","Mary","Female",4109,2006,0.00104
"1519721","Angela","Female",2926,2006,0.00074
"1519827","Erica","Female",1553,2006,0.00039
"1519855","Monica","Female",1363,2006,0.00034
"1519970","Sandra","Female",892,2006,0.00023
"1520139","Pamela","Female",568,2006,0.00014
"1520536","Tina","Female",284,2006,7e-05
"1520787","Rita","Female",207,2006,5e-05
"1553756","Jessica","Female",5714,2007,0.00143
"1553807","Mary","Female",3693,2007,0.00092
"1553839","Angela","Female",2756,2007,0.00069
"1553969","Erica","Female",1366,2007,0.00034
"1553999","Monica","Female",1192,2007,3e-04
"1554121","Sandra","Female",800,2007,2e-04
"1554296","Pamela","Female",516,2007,0.00013
"1554754","Tina","Female",254,2007,6e-05
"1554916","Rita","Female",210,2007,5e-05
"1588749","Jessica","Female",4739,2008,0.00121
"1588786","Mary","Female",3513,2008,0.00089
"1588822","Angela","Female",2542,2008,0.00065
"1588985","Erica","Female",1133,2008,0.00029
"1589007","Monica","Female",1064,2008,0.00027
"1589132","Sandra","Female",721,2008,0.00018
"1589362","Pamela","Female",455,2008,0.00012
"1589849","Tina","Female",222,2008,6e-05
"1590017","Rita","Female",186,2008,5e-05
"1623870","Jessica","Female",3801,2009,0.00099
"1623894","Mary","Female",3176,2009,0.00083
"1623934","Angela","Female",2258,2009,0.00059
"1624131","Monica","Female",972,2009,0.00025
"1624139","Erica","Female",943,2009,0.00025
"1624310","Sandra","Female",586,2009,0.00015
"1624637","Pamela","Female",331,2009,9e-05
"1624971","Tina","Female",214,2009,6e-05
"1625211","Rita","Female",166,2009,4e-05
"1658619","Jessica","Female",3200,2010,0.00087
"1658635","Mary","Female",2881,2010,0.00078
"1658687","Angela","Female",1916,2010,0.00052
"1658888","Monica","Female",887,2010,0.00024
"1658950","Erica","Female",745,2010,2e-04
"1659042","Sandra","Female",581,2010,0.00016
"1659511","Pamela","Female",258,2010,7e-05
"1659868","Rita","Female",176,2010,5e-05
"1659955","Tina","Female",161,2010,4e-05
"1692744","Mary","Female",2714,2011,0.00074
"1692750","Jessica","Female",2625,2011,0.00072
"1692821","Angela","Female",1678,2011,0.00046
"1693037","Monica","Female",779,2011,0.00021
"1693107","Erica","Female",624,2011,0.00017
"1693243","Sandra","Female",473,2011,0.00013
"1693594","Pamela","Female",266,2011,7e-05
"1693965","Tina","Female",175,2011,5e-05
"1694000","Rita","Female",169,2011,5e-05
"1726701","Mary","Female",2584,2012,0.00071
"1726717","Jessica","Female",2335,2012,0.00064
"1726773","Angela","Female",1640,2012,0.00045
"1727011","Monica","Female",724,2012,2e-04
"1727082","Erica","Female",612,2012,0.00017
"1727261","Sandra","Female",415,2012,0.00011
"1727731","Pamela","Female",215,2012,6e-05
"1727900","Tina","Female",179,2012,5e-05
"1727962","Rita","Female",169,2012,5e-05
"1760476","Mary","Female",2668,2013,0.00073
"1760522","Jessica","Female",1951,2013,0.00054
"1760554","Angela","Female",1651,2013,0.00045
"1760862","Monica","Female",597,2013,0.00016
"1760915","Erica","Female",526,2013,0.00014
"1761122","Sandra","Female",357,2013,1e-04
"1761534","Pamela","Female",205,2013,6e-05
"1761649","Rita","Female",182,2013,5e-05
"1761859","Tina","Female",148,2013,4e-05
"1793821","Mary","Female",2636,2014,0.00071
"1793880","Jessica","Female",1802,2014,0.00049
"1793892","Angela","Female",1737,2014,0.00047
"1794240","Monica","Female",577,2014,0.00016
"1794355","Erica","Female",436,2014,0.00012
"1794494","Sandra","Female",355,2014,1e-04
"1794991","Pamela","Female",185,2014,5e-05
"1795067","Rita","Female",171,2014,5e-05
"1795179","Tina","Female",152,2014,4e-05
"1827132","Mary","Female",2642,2015,0.00071
"1827215","Jessica","Female",1591,2015,0.00043
"1827229","Angela","Female",1491,2015,4e-04
"1827568","Monica","Female",557,2015,0.00015
"1827695","Erica","Female",417,2015,0.00011
"1827839","Sandra","Female",338,2015,9e-05
"1828292","Rita","Female",190,2015,5e-05
"1828411","Pamela","Female",167,2015,5e-05
"1828470","Tina","Female",158,2015,4e-05
"1860321","Mary","Female",2526,2016,0.00069
"1860409","Angela","Female",1511,2016,0.00041
"1860426","Jessica","Female",1392,2016,0.00038
"1860782","Monica","Female",522,2016,0.00014
"1860997","Erica","Female",355,2016,1e-04
"1861077","Sandra","Female",320,2016,9e-05
"1861384","Rita","Female",210,2016,6e-05
"1861505","Pamela","Female",183,2016,5e-05
"1861929","Tina","Female",121,2016,3e-05
"1893404","Mary","Female",2424,2017,0.00068
"1893513","Angela","Female",1351,2017,0.00038
"1893524","Jessica","Female",1291,2017,0.00036
"1893904","Monica","Female",472,2017,0.00013
"1894113","Erica","Female",326,2017,9e-05
"1894173","Sandra","Female",301,2017,8e-05
"1894464","Rita","Female",207,2017,6e-05
"1894734","Pamela","Female",155,2017,4e-05
"1894801","Tina","Female",146,2017,4e-05
"1926104","Mary","Female",2369,2018,0.00067
"1926243","Angela","Female",1242,2018,0.00035
"1926290","Jessica","Female",1066,2018,3e-04
"1926586","Monica","Female",498,2018,0.00014
"1926881","Erica","Female",298,2018,8e-05
"1926961","Sandra","Female",269,2018,8e-05
"1927232","Rita","Female",185,2018,5e-05
"1927565","Pamela","Female",136,2018,4e-05
"1927654","Tina","Female",125,2018,4e-05
"1958361","Mary","Female",2239,2019,0.00065
"1958492","Angela","Female",1271,2019,0.00037
"1958566","Jessica","Female",969,2019,0.00028
"1958873","Monica","Female",459,2019,0.00013
"1959222","Sandra","Female",262,2019,8e-05
"1959280","Erica","Female",245,2019,7e-05
"1959582","Rita","Female",169,2019,5e-05
"1959732","Pamela","Female",146,2019,4e-05
"1960193","Tina","Female",100,2019,3e-05
"1990494","Mary","Female",2229,2020,0.00067
"1990622","Angela","Female",1189,2020,0.00036
"1990770","Jessica","Female",779,2020,0.00023
"1991068","Monica","Female",404,2020,0.00012
"1991473","Sandra","Female",222,2020,7e-05
"1991482","Erica","Female",220,2020,7e-05
"1991605","Rita","Female",185,2020,6e-05
"1992044","Pamela","Female",123,2020,4e-05
"1992538","Tina","Female",84,2020,3e-05
"2022074","Mary","Female",2100,2021,0.00062
"2022177","Angela","Female",1282,2021,0.00038
"2022419","Jessica","Female",656,2021,0.00019
"2022637","Monica","Female",415,2021,0.00012
"2022935","Sandra","Female",259,2021,8e-05
"2023140","Erica","Female",201,2021,6e-05
"2023379","Rita","Female",150,2021,4e-05
"2023754","Pamela","Female",112,2021,3e-05
"2024191","Tina","Female",83,2021,2e-05
"2053832","Mary","Female",2116,2022,0.00063
"2053924","Angela","Female",1321,2022,0.00039
"2054206","Jessica","Female",620,2022,0.00018
"2054442","Monica","Female",389,2022,0.00011
"2054779","Sandra","Female",233,2022,7e-05
"2055021","Rita","Female",178,2022,5e-05
"2055025","Erica","Female",177,2022,5e-05
"2055742","Pamela","Female",95,2022,3e-05
"2056585","Tina","Female",59,2022,2e-05
"2085903","Mary","Female",2081,2023,0.00063
"2086025","Angela","Female",1213,2023,0.00037
"2086320","Jessica","Female",550,2023,0.00017
"2086499","Monica","Female",386,2023,0.00012
"2086834","Sandra","Female",234,2023,7e-05
"2086999","Erica","Female",191,2023,6e-05
"2087146","Rita","Female",164,2023,5e-05
"2087710","Pamela","Female",102,2023,3e-05
"2087730","Tina","Female",101,2023,3e-05
"2117705","Mary","Female",2196,2024,0.00066
"2117855","Angela","Female",1117,2024,0.00034
"2118147","Jessica","Female",526,2024,0.00016
"2118299","Monica","Female",388,2024,0.00012
"2118618","Sandra","Female",240,2024,7e-05
"2118977","Rita","Female",159,2024,5e-05
"2119060","Erica","Female",146,2024,4e-05
"2119734","Pamela","Female",88,2024,3e-05
"2120256","Tina","Female",65,2024,2e-05
